{
  "drives": [
    {
      "name": "本地alist",
      "server": "http://127.0.0.1:5244/",
      "hidden": false,
      "login": {
        "username": "admin",
        "password": "admin"
      }
    },
    {
      "name": "小雅",
      "server": "http://alist.xiaoya.pro",
      "search": false
    },
    {
      "name": "弱水分享站",
      "server": "http://shicheng.wang:555/我的影视"
    },

    {
      "name": "一只魚",
      "server": "https://vtok.pp.ua/"
    },
    {
      "name": "七米藍",
      "server": "https://al.chirmyram.com"
    },
    {
      "name": "神族九帝",
      "server": "https://alist.shenzjd.com"
    },
    {
      "name": "梓澪",
      "server": "https://zi0.cc"
    },

    {
      "name": "範本",
      "server": "https://one.fongmi.com",
      "hidden": true,
      "login": {
        "username": "fongmi",
        "password": "fongmi"
      },
      "params": [
        {
          "path": "/安齋拉拉",
          "pass": "18181818"
        }
      ]
    }
  ]
}
